2008-12	7	1
2008-12	241	1
2008-12	100	1
2008-12	181	1
2008-12	262	3
2008-12	68	7
2009-01	137	1
2009-01	107	1
2009-01	239	1
2009-01	113	1
2009-01	137	1
2009-01	161	1
2009-01	164	1
2009-01	170	1
2009-01	209	1
2009-01	236	3
2009-01	68	5
2009-01	239	1
2009-01	161	1
2009-01	239	1
2009-01	158	2
2009-01	239	2
2009-01	170	5
2018-10	148	12
2018-10	163	4
2018-10	211	2
2018-10	223	1
2018-10	229	2
2018-10	238	1
2018-10	256	3
2018-10	62	1
2018-10	68	4
2018-10	80	3
2018-11	1	36
2018-11	10	209
2018-11	102	7
2018-11	108	5
2018-11	111	3
2018-11	114	9233
2018-11	117	4
2018-11	120	3
2018-11	123	12
2018-11	126	23
2018-11	129	832
2018-11	13	4721
2018-11	132	20457
2018-11	135	24
2018-11	138	11892
2018-11	141	16279
2018-11	144	8009
2018-11	147	8
2018-11	150	3
2018-11	153	3
2018-11	156	3
2018-11	159	88
2018-11	16	7
2018-11	162	22082
2018-11	165	37
2018-11	168	237
2018-11	171	4
2018-11	174	30
2018-11	177	10
2018-11	180	2
2018-11	183	5
2018-11	186	26175
2018-11	189	179
2018-11	19	11
2018-11	192	12
2018-11	195	65
2018-11	198	28
2018-11	201	2
2018-11	207	81
2018-11	210	12
2018-11	213	11
2018-11	216	65
2018-11	219	49
2018-11	22	15
2018-11	225	67
2018-11	228	53
2018-11	231	10357
2018-11	234	17797
2018-11	237	30220
2018-11	240	2
2018-11	243	173
2018-11	246	10790
2018-11	249	12746
2018-11	25	902
2018-11	252	2
2018-11	255	870
2018-11	258	11
2018-11	261	5190
2018-11	264	11003
2018-11	28	88
2018-11	31	2
2018-11	34	22
2018-11	37	207
2018-11	4	1547
2018-11	40	387
2018-11	43	11995
2018-11	49	306
2018-11	52	425
2018-11	55	6
2018-11	61	152
2018-11	64	1
2018-11	67	6
2018-11	7	2139
2018-11	70	117
2018-11	73	2
2018-11	76	40
2018-11	79	17669
2018-11	82	471
2018-11	85	10
2018-11	88	2718
2018-11	91	10
2018-11	94	4
2018-11	97	810
2018-11	1	36
2018-11	10	186
2018-11	102	1
2018-11	105	1
2018-11	108	3
2018-11	111	7
2018-11	114	6468
2018-11	117	1
2018-11	120	7
2018-11	123	17
2018-11	126	22
2018-11	129	616
2018-11	13	3821
2018-11	132	21836
2018-11	135	24
2018-11	138	13325
2018-11	141	16092
2018-11	144	5492
2018-11	147	5
2018-11	150	7
2018-11	153	13
2018-11	159	66
2018-11	16	6
2018-11	162	20188
2018-11	165	17
2018-11	168	165
2018-11	171	3
2018-11	174	14
2018-11	177	10
2018-11	180	9
2018-11	183	2
2018-11	186	24094
2018-11	189	133
2018-11	19	14
2018-11	192	4
2018-11	195	60
2018-11	198	9
2018-11	201	1
2018-11	207	175
2018-11	210	3
2018-11	213	27
2018-11	216	72
2018-11	219	78
2018-11	22	8
2018-11	222	4
2018-11	225	70
2018-11	228	60
2018-11	231	8879
2018-11	234	14870
2018-11	237	33489
2018-11	240	7
2018-11	243	140
2018-11	246	6888
2018-11	249	9510
2018-11	25	635
2018-11	252	8
2018-11	255	519
2018-11	258	25
2018-11	261	4085
2018-11	264	11070
2018-11	28	62
2018-11	31	3
2018-11	34	16
2018-11	37	110
2018-11	4	1318
2018-11	40	390
2018-11	43	12208
2018-11	49	201
2018-11	52	341
2018-11	55	1
2018-11	61	111
2018-11	64	7
2018-11	67	5
2018-11	7	1909
2018-11	70	137
2018-11	73	7
2018-11	76	17
2018-11	79	13517
2018-11	82	319
2018-11	85	8
2018-11	88	2250
2018-11	91	15
2018-11	94	21
2018-11	97	678
2018-11	132	4
2018-11	216	1
2018-11	231	1
2018-11	7	1
2018-11	1	16
2018-11	10	210
2018-11	102	20
2018-11	108	5
2018-11	114	8681
2018-11	117	7
2018-11	120	2
2018-11	123	9
2018-11	126	19
2018-11	129	1030
2018-11	13	4734
2018-11	132	23206
2018-11	135	27
2018-11	138	14738
2018-11	141	18062
2018-11	144	7557
2018-11	147	16
2018-11	150	1
2018-11	153	12
2018-11	156	1
2018-11	159	93
2018-11	16	8
2018-11	162	23792
2018-11	165	23
2018-11	168	275
2018-11	171	10
2018-11	174	21
2018-11	177	12
2018-11	180	9
2018-11	183	7
2018-11	186	28667
2018-11	189	173
2018-11	19	4
2018-11	192	5
2018-11	195	23
2018-11	198	33
2018-11	201	3
2018-11	207	133
2018-11	210	4
2018-11	213	14
2018-11	216	88
2018-11	219	48
2018-11	22	19
2018-11	222	9
2018-11	225	93
2018-11	228	64
2018-11	231	10000
2018-11	234	18298
2018-11	237	31823
2018-11	240	8
2018-11	243	188
2018-11	246	7383
2018-11	249	12542
2018-11	25	820
2018-11	252	7
2018-11	255	801
2018-11	258	8
2018-11	261	5575
2018-11	264	13152
2018-11	28	66
2018-11	31	3
2018-11	34	18
2018-11	37	179
2018-11	4	1570
2018-11	40	327
2018-11	43	14360
2018-11	46	2
2018-11	49	230
2018-11	52	391
2018-11	55	11
2018-11	58	1
2018-11	61	156
2018-11	64	4
2018-11	67	16
2018-11	7	2412
2018-11	70	136
2018-11	73	3
2018-11	76	22
2018-11	79	18081
2018-11	82	641
2018-11	85	27
2018-11	88	2664
2018-11	91	9
2018-11	94	37
2018-11	97	712
2018-11	132	5
2018-11	1	20
2018-11	10	196
2018-11	102	5
2018-11	108	12
2018-11	111	1
2018-11	114	7821
2018-11	117	3
2018-11	120	5
2018-11	123	9
2018-11	126	13
2018-11	129	724
2018-11	13	4267
2018-11	132	18477
2018-11	135	22
2018-11	138	12376
2018-11	141	16508
2018-11	144	6333
2018-11	147	3
2018-11	150	9
2018-11	153	8
2018-11	156	2
2018-11	159	61
2018-11	16	2
2018-11	162	20475
2018-11	165	21
2018-11	168	203
2018-11	171	9
2018-11	174	15
2018-11	177	17
2018-11	180	13
2018-11	183	2
2018-11	186	24791
2018-11	189	139
2018-11	19	12
2018-11	192	13
2018-11	195	65
2018-11	198	20
2018-11	207	133
2018-11	210	14
2018-11	213	12
2018-11	216	71
2018-11	219	61
2018-11	22	9
2018-11	222	5
2018-11	225	64
2018-11	228	74
2018-11	231	9679
2018-11	234	16390
2018-11	237	32815
2018-11	240	5
2018-11	243	179
2018-11	246	7339
2018-11	249	11148
2018-11	25	723
2018-11	252	17
2018-11	255	824
2018-11	258	10
2018-11	261	4536
2018-11	264	10923
2018-11	28	55
2018-11	31	5
2018-11	34	18
2018-11	37	164
2018-11	4	1550
2018-11	40	295
2018-11	43	12288
2018-11	49	214
2018-11	52	345
2018-11	55	23
2018-11	61	122
2018-11	64	8
2018-11	67	2
2018-11	7	1790
2018-11	70	133
2018-11	73	4
2018-11	76	31
2018-11	79	16120
2018-11	82	395
2018-11	85	25
2018-11	88	2209
2018-11	91	9
2018-11	94	13
2018-11	97	749
2018-11	114	3
2018-11	13	1
2018-11	132	8
2018-11	138	2
2018-11	141	2
2018-11	144	7
2018-11	162	6
2018-11	186	8
2018-11	231	3
2018-11	234	1
2018-11	237	6
2018-11	246	1
2018-11	249	8
2018-11	25	7
2018-11	264	3
2018-11	43	2
2018-11	7	2
2018-11	79	12
2018-11	1	6
2018-11	10	109
2018-11	102	1
2018-11	108	1
2018-11	111	1
2018-11	114	2468
2018-11	120	1
2018-11	123	5
2018-11	126	14
2018-11	129	183
2018-11	13	1521
2018-11	132	7491
2018-11	135	8
2018-11	138	6030
2018-11	141	5621
2018-11	144	2353
2018-11	147	1
2018-11	150	1
2018-11	153	2
2018-11	159	9
2018-11	16	3
2018-11	162	7459
2018-11	165	3
2018-11	168	43
2018-11	174	5
2018-11	177	6
2018-11	180	2
2018-11	183	1
2018-11	186	8495
2018-11	189	29
2018-11	192	9
2018-11	195	7
2018-11	198	3
2018-11	207	34
2018-11	210	1
2018-11	213	6
2018-11	216	27
2018-11	219	33
2018-11	22	2
2018-11	225	10
2018-11	228	21
2018-11	231	3514
2018-11	234	5909
2018-11	237	12328
2018-11	240	6
2018-11	243	53
2018-11	246	2697
2018-11	249	3630
2018-11	25	280
2018-11	252	2
2018-11	255	175
2018-11	261	1664
2018-11	264	3806
2018-11	28	27
2018-11	31	3
2018-11	34	7
2018-11	37	31
2018-11	4	439
2018-11	40	93
2018-11	43	4675
2018-11	46	2
2018-11	49	80
2018-11	52	109
2018-11	55	6
2018-11	61	51
2018-11	67	8
2018-11	7	542
2018-11	70	40
2018-11	76	17
2018-11	79	4820
2018-11	82	69
2018-11	85	6
2018-11	88	940
2018-11	91	2
2018-11	94	2
2018-11	97	235
2018-11	1	29
2018-11	10	196
2018-11	102	16
2018-11	105	1
2018-11	108	4
2018-11	111	5
2018-11	114	8411
2018-11	117	1
2018-11	120	4
2018-11	123	5
2018-11	126	17
2018-11	129	897
2018-11	13	5328
2018-11	132	23501
2018-11	135	27
2018-11	138	15293
2018-11	141	16999
2018-11	144	8274
2018-11	147	21
2018-11	150	2
2018-11	153	12
2018-11	156	1
2018-11	159	66
2018-11	16	10
2018-11	162	26209
2018-11	165	29
2018-11	168	224
2018-11	171	17
2018-11	174	12
2018-11	177	20
2018-11	180	10
2018-11	183	3
2018-11	186	33331
2018-11	189	114
2018-11	19	2
2018-11	192	5
2018-11	195	68
2018-11	198	14
2018-11	207	87
2018-11	210	11
2018-11	213	16
2018-11	216	58
2018-11	219	81
2018-11	22	6
2018-11	222	6
2018-11	225	76
2018-11	228	59
2018-11	231	10202
2018-11	234	19303
2018-11	237	32118
2018-11	243	134
2018-11	246	8526
2018-11	249	11638
2018-11	25	696
2018-11	252	10
2018-11	255	510
2018-11	258	11
2018-11	261	6563
2018-11	264	13091
2018-11	28	86
2018-11	34	19
2018-11	37	151
2018-11	4	1408
2018-11	40	378
2018-11	43	15229
2018-11	46	5
2018-11	49	176
2018-11	52	306
2018-11	55	11
2018-11	61	159
2018-11	64	6
2018-11	67	13
2018-11	7	2147
2018-11	70	180
2018-11	73	6
2018-11	76	34
2018-11	79	15989
2018-11	82	585
2018-11	85	21
2018-11	88	2776
2018-11	91	8
2018-11	94	16
2018-11	97	713
2018-11	132	5
2018-11	141	1
2018-11	234	2
2018-11	237	1
2018-11	7	1
2018-11	132	6
2018-12	101	5
2018-12	107	13610
2018-12	113	8802
2018-12	116	1134
2018-12	119	32
2018-12	12	323
2018-12	122	2
2018-12	125	2764
2018-12	128	6
2018-12	131	10
2018-12	134	50
2018-12	137	7815
2018-12	140	12805
2018-12	143	8202
2018-12	146	765
2018-12	149	13
2018-12	15	1
2018-12	152	1021
2018-12	155	20
2018-12	158	4844
2018-12	161	27801
2018-12	164	15432
2018-12	167	25
2018-12	170	18644
2018-12	173	32
2018-12	179	615
2018-12	18	17
2018-12	182	27
2018-12	185	16
2018-12	188	90
2018-12	191	7
2018-12	194	35
2018-12	197	37
2018-12	200	4
2018-12	203	7
2018-12	206	4
2018-12	209	1313
2018-12	21	5
2018-12	212	15
2018-12	215	95
2018-12	218	18
2018-12	221	1
2018-12	224	1304
2018-12	227	14
2018-12	230	29268
2018-12	233	8077
2018-12	236	29804
2018-12	239	18144
2018-12	24	2261
2018-12	242	14
2018-12	245	1
2018-12	248	14
2018-12	254	14
2018-12	257	23
2018-12	260	636
2018-12	263	12673
2018-12	33	770
2018-12	36	34
2018-12	39	24
2018-12	42	2009
2018-12	45	1612
2018-12	48	25075
2018-12	51	11
2018-12	54	21
2018-12	57	1
2018-12	6	8
2018-12	60	6
2018-12	63	10
2018-12	66	264
2018-12	69	44
2018-12	72	5
2018-12	75	7415
2018-12	78	11
2018-12	81	8
2018-12	87	3378
2018-12	9	4
2018-12	90	9275
2018-12	93	92
2018-12	96	3
2018-12	101	2
2018-12	107	14486
2018-12	113	9335
2018-12	116	986
2018-12	119	32
2018-12	12	417
2018-12	122	3
2018-12	125	2839
2018-12	128	6
2018-12	131	6
2018-12	134	89
2018-12	137	7442
2018-12	140	11480
2018-12	143	7782
2018-12	146	939
2018-12	149	5
2018-12	152	901
2018-12	155	6
2018-12	158	5764
2018-12	161	29458
2018-12	164	17490
2018-12	167	21
2018-12	170	20096
2018-12	173	30
2018-12	179	572
2018-12	18	24
2018-12	182	5
2018-12	185	13
2018-12	188	86
2018-12	191	9
2018-12	194	17
2018-12	197	68
2018-12	200	11
2018-12	203	10
2018-12	206	1
2018-12	209	1539
2018-12	21	2
2018-12	212	13
2018-12	215	50
2018-12	218	6
2018-12	224	1514
2018-12	227	18
2018-12	230	31268
2018-12	233	8644
2018-12	236	26837
2018-12	239	17996
2018-12	24	2228
2018-12	242	17
2018-12	248	6
2018-12	251	1
2018-12	254	20
2018-12	257	7
2018-12	260	715
2018-12	263	12984
2018-12	27	1
2018-12	3	3
2018-12	33	708
2018-12	36	56
2018-12	39	12
2018-12	42	1781
2018-12	45	1654
2018-12	48	26382
2018-12	51	15
2018-12	54	20
2018-12	57	11
2018-12	6	9
2018-12	60	6
2018-12	63	5
2018-12	66	366
2018-12	69	33
2018-12	72	13
2018-12	75	6604
2018-12	78	18
2018-12	81	2
2018-12	87	4035
2018-12	9	9
2018-12	90	10231
2018-12	93	92
2018-12	101	2
2018-12	107	14169
2018-12	113	9223
2018-12	116	1156
2018-12	119	29
2018-12	12	422
2018-12	122	1
2018-12	125	3014
2018-12	128	4
2018-12	131	6
2018-12	134	41
2018-12	137	7432
2018-12	140	11211
2018-12	143	7397
2018-12	146	1018
2018-12	149	12
2018-12	15	1
2018-12	152	989
2018-12	155	4
2018-12	158	5410
2018-12	161	29088
2018-12	164	17891
2018-12	167	21
2018-12	170	19142
2018-12	173	32
2018-12	176	1
2018-12	179	626
2018-12	18	15
2018-12	182	4
2018-12	185	5
2018-12	188	116
2018-12	191	6
2018-12	194	20
2018-12	197	40
2018-12	203	6
2018-12	206	5
2018-12	209	1403
2018-12	212	15
2018-12	215	101
2018-12	218	4
2018-12	221	8
2018-12	224	1379
2018-12	227	6
2018-12	230	33095
2018-12	233	8284
2018-12	236	26094
2018-12	239	17149
2018-12	24	2249
2018-12	242	17
2018-12	248	9
2018-12	251	1
2018-12	254	4
2018-12	257	24
2018-12	260	740
2018-12	263	11969
2018-12	3	3
2018-12	33	647
2018-12	36	70
2018-12	39	12
2018-12	42	1802
2018-12	45	1846
2018-12	48	27274
2018-12	51	12
2018-12	54	16
2018-12	57	2
2018-12	6	10
2018-12	60	11
2018-12	63	3
2018-12	66	302
2018-12	69	62
2018-12	72	11
2018-12	75	6561
2018-12	78	8
2018-12	81	2
2018-12	87	3706
2018-12	9	4
2018-12	90	10294
2018-12	93	110
2018-12	96	1
2018-12	99	1
2018-12	116	2
2018-12	161	5
2018-12	230	1
2018-12	233	1
2018-12	33	1
2018-12	87	2
2018-12	101	2
2018-12	107	7025
2018-12	113	5682
2018-12	116	782
2018-12	119	23
2018-12	12	490
2018-12	125	1736
2018-12	128	2
2018-12	131	11
2018-12	134	31
2018-12	137	3734
2018-12	140	4694
2018-12	143	3573
2018-12	146	494
2018-12	149	4
2018-12	152	595
2018-12	155	6
2018-12	158	4028
2018-12	161	16563
2018-12	164	11830
2018-12	167	16
2018-12	170	10331
2018-12	173	43
2018-12	179	339
2018-12	18	18
2018-12	182	21
2018-12	185	6
2018-12	188	60
2018-12	191	3
2018-12	194	8
2018-12	197	20
2018-12	203	1
2018-12	209	1007
2018-12	21	4
2018-12	212	12
2018-12	215	34
2018-12	218	8
2018-12	224	766
2018-12	227	16
2018-12	230	14811
2018-12	233	4173
2018-12	236	10946
2018-12	239	11090
2018-12	24	1221
2018-12	242	5
2018-12	248	3
2018-12	251	4
2018-12	254	14
2018-12	257	13
2018-12	260	438
2018-12	263	6639
2018-12	3	3
2018-12	33	330
2018-12	36	41
2018-12	39	10
2018-12	42	1245
2018-12	45	1408
2018-12	48	16214
2018-12	51	19
2018-12	54	16
2018-12	6	3
2018-12	60	10
2018-12	63	8
2018-12	66	293
2018-12	69	44
2018-12	72	7
2018-12	75	3601
2018-12	78	16
2018-12	81	5
2018-12	87	2385
2018-12	9	11
2018-12	90	5738
2018-12	93	77
2018-12	96	11
2018-12	101	2
2018-12	107	18567
2018-12	113	14125
2018-12	116	1799
2018-12	119	60
2018-12	12	924
2018-12	122	4
2018-12	125	3604
2018-12	128	8
2018-12	131	8
2018-12	134	43
2018-12	137	9716
2018-12	140	12129
2018-12	143	8818
2018-12	146	1502
2018-12	149	14
2018-12	15	4
2018-12	152	1426
2018-12	155	27
2018-12	158	8713
2018-12	161	47604
2018-12	164	29250
2018-12	167	51
2018-12	170	26158
2018-12	173	108
2018-12	179	935
2018-12	18	30
2018-12	182	43
2018-12	185	10
2018-12	188	139
2018-12	191	22
2018-12	194	39
2018-12	197	69
2018-12	200	18
2018-12	203	6
2018-12	206	3
2018-12	209	2070
2018-12	21	16
2018-12	212	32
2018-12	215	107
2018-12	218	15
2018-12	221	4
2018-12	224	2356
2018-12	227	10
2018-12	230	53781
2018-12	233	10896
2018-12	236	29713
2018-12	239	25763
2018-12	24	3205
2018-12	242	35
2018-12	248	32
2018-12	251	2
2018-12	254	31
2018-12	257	24
2018-12	260	1490
2018-12	263	16747
2018-12	3	7
2018-12	33	729
2018-12	36	104
2018-12	39	35
2018-12	42	2857
2018-12	45	2896
2018-12	48	40655
2018-12	51	33
2018-12	54	8
2018-12	57	2
2018-12	6	3
2018-12	60	17
2018-12	63	15
2018-12	66	443
2018-12	69	132
2018-12	72	16
2018-12	75	9864
2018-12	78	23
2018-12	81	10
2018-12	84	1
2018-12	87	4922
2018-12	9	5
2018-12	90	13769
2018-12	93	153
2018-12	96	1
2018-12	99	1
2018-12	101	1
2018-12	107	14264
2018-12	113	8821
2018-12	116	1108
2018-12	119	41
2018-12	12	274
2018-12	122	5
2018-12	125	2839
2018-12	128	7
2018-12	131	9
2018-12	134	55
2018-12	137	7693
2018-12	140	11379
2018-12	143	7471
2018-12	146	936
2018-12	149	14
2018-12	15	2
2018-12	152	928
2018-12	155	11
2018-12	158	4979
2018-12	161	24994
2018-12	164	15849
2018-12	167	31
2018-12	170	18158
2018-12	173	28
2018-12	179	591
2018-12	18	24
2018-12	182	13
2018-12	185	5
2018-12	188	117
2018-12	191	3
2018-12	194	27
2018-12	197	63
2018-12	200	8
2018-12	203	6
2018-12	206	2
2018-12	209	1321
2018-12	21	9
2018-12	212	15
2018-12	215	67
2018-12	218	16
2018-12	221	1
2018-12	224	1368
2018-12	227	15
2018-12	230	27307
2018-12	233	8280
2018-12	236	25538
2018-12	239	16865
2018-12	24	2125
2018-12	242	3
2018-12	248	9
2018-12	254	23
2018-12	257	22
2018-12	260	641
2018-12	263	12173
2018-12	3	9
2018-12	33	780
2018-12	36	91
2018-12	39	20
2018-12	42	1733
2018-12	45	1624
2018-12	48	26274
2018-12	51	11
2018-12	54	19
2018-12	57	1
2018-12	6	7
2018-12	60	11
2018-12	63	11
2018-12	66	327
2018-12	69	58
2018-12	72	9
2018-12	75	6281
2018-12	78	7
2018-12	81	16
2018-12	84	1
2018-12	87	3868
2018-12	90	9777
2018-12	93	103
2018-12	96	4
2019-01	4	1
2019-01	236	1
2019-01	152	1
2019-01	161	3
2019-03	70	5
2019-06	114	2
2019-06	234	1
2019-06	237	1
2019-06	249	1
2019-06	79	1
2008-12	170	1
2008-12	161	1
2008-12	164	1
2008-12	230	1
2008-12	161	6
2008-12	164	6
2008-12	236	2
2008-12	239	1
2008-12	260	5
2008-12	75	3
2009-01	138	1
2009-01	234	1
2009-01	237	1
2009-01	48	1
2009-01	141	2
2009-01	162	4
2009-01	234	5
2009-01	24	1
2009-01	249	1
2009-01	48	1
2009-01	231	1
2009-01	237	1
2009-01	24	1
2009-01	138	1
2009-01	162	3
2009-01	246	1
2009-01	264	1
2009-01	48	2
2009-01	114	2
2009-01	138	1
2009-01	231	1
2009-01	90	1
2009-01	114	1
2018-10	107	5
2018-10	113	1
2018-10	140	5
2018-10	143	2
2018-10	161	11
2018-10	164	2
2018-10	170	2
2018-10	230	7
2018-10	239	6
2018-10	24	3
2018-10	260	6
2018-10	263	1
2018-10	48	14
2018-10	75	1
2018-10	87	1
2018-11	100	18257
2018-11	106	161
2018-11	11	5
2018-11	112	436
2018-11	115	5
2018-11	118	2
2018-11	121	9
2018-11	124	11
2018-11	127	111
2018-11	130	103
2018-11	133	40
2018-11	136	19
2018-11	139	7
2018-11	14	43
2018-11	142	21739
2018-11	145	1353
2018-11	148	9795
2018-11	151	6342
2018-11	154	1
2018-11	157	41
2018-11	160	26
2018-11	163	21421
2018-11	166	3655
2018-11	169	16
2018-11	17	205
2018-11	172	1
2018-11	175	6
2018-11	178	11
2018-11	181	884
2018-11	187	4
2018-11	190	17
2018-11	193	557
2018-11	196	43
2018-11	199	1
2018-11	20	14
2018-11	202	43
2018-11	205	3
2018-11	208	3
2018-11	211	5757
2018-11	217	98
2018-11	220	17
2018-11	223	539
2018-11	226	1867
2018-11	229	13183
2018-11	23	2
2018-11	232	1222
2018-11	235	22
2018-11	238	12535
2018-11	241	7
2018-11	244	1116
2018-11	247	143
2018-11	250	18
2018-11	253	3
2018-11	256	669
2018-11	259	13
2018-11	26	25
2018-11	262	7544
2018-11	265	255
2018-11	29	8
2018-11	32	7
2018-11	35	16
2018-11	38	5
2018-11	41	4219
2018-11	47	17
2018-11	50	7269
2018-11	53	5
2018-11	56	59
2018-11	62	32
2018-11	65	1126
2018-11	68	17484
2018-11	71	18
2018-11	74	5623
2018-11	77	3
2018-11	8	1
2018-11	80	425
2018-11	83	178
2018-11	89	73
2018-11	92	30
2018-11	95	151
2018-11	98	5
2018-11	100	16354
2018-11	106	93
2018-11	11	7
2018-11	112	386
2018-11	115	2
2018-11	121	8
2018-11	124	17
2018-11	127	78
2018-11	130	141
2018-11	133	40
2018-11	136	14
2018-11	14	34
2018-11	142	22388
2018-11	145	1350
2018-11	148	8366
2018-11	151	6306
2018-11	154	3
2018-11	157	31
2018-11	160	10
2018-11	163	19835
2018-11	166	3738
2018-11	169	26
2018-11	17	173
2018-11	175	2
2018-11	178	9
2018-11	181	671
2018-11	184	1
2018-11	190	32
2018-11	193	529
2018-11	196	94
2018-11	2	4
2018-11	20	6
2018-11	202	24
2018-11	205	3
2018-11	208	7
2018-11	211	4758
2018-11	217	66
2018-11	220	29
2018-11	223	391
2018-11	226	1605
2018-11	229	12415
2018-11	23	2
2018-11	232	1053
2018-11	235	23
2018-11	238	13120
2018-11	241	6
2018-11	244	856
2018-11	247	141
2018-11	250	6
2018-11	256	631
2018-11	259	13
2018-11	26	20
2018-11	262	8063
2018-11	265	240
2018-11	29	5
2018-11	32	4
2018-11	35	8
2018-11	38	2
2018-11	41	3394
2018-11	44	6
2018-11	47	17
2018-11	50	6602
2018-11	53	11
2018-11	56	53
2018-11	62	14
2018-11	65	1024
2018-11	68	15387
2018-11	71	7
2018-11	74	4651
2018-11	77	1
2018-11	8	9
2018-11	80	343
2018-11	83	134
2018-11	86	3
2018-11	89	53
2018-11	92	37
2018-11	95	141
2018-11	98	1
2018-11	100	20072
2018-11	106	116
2018-11	109	1
2018-11	11	8
2018-11	112	267
2018-11	118	1
2018-11	121	4
2018-11	124	9
2018-11	127	117
2018-11	130	109
2018-11	133	45
2018-11	136	20
2018-11	139	2
2018-11	14	48
2018-11	142	25396
2018-11	145	1376
2018-11	148	9176
2018-11	151	7523
2018-11	157	63
2018-11	160	28
2018-11	163	23442
2018-11	166	4357
2018-11	169	27
2018-11	17	146
2018-11	175	5
2018-11	178	5
2018-11	181	807
2018-11	184	1
2018-11	190	20
2018-11	193	558
2018-11	196	98
2018-11	2	3
2018-11	20	25
2018-11	202	52
2018-11	205	6
2018-11	208	13
2018-11	211	5418
2018-11	214	1
2018-11	217	106
2018-11	220	34
2018-11	223	570
2018-11	226	2174
2018-11	229	13839
2018-11	232	1206
2018-11	235	45
2018-11	238	14493
2018-11	241	5
2018-11	244	1228
2018-11	247	243
2018-11	250	13
2018-11	253	2
2018-11	256	665
2018-11	259	7
2018-11	26	23
2018-11	262	8903
2018-11	265	285
2018-11	29	7
2018-11	32	8
2018-11	35	15
2018-11	38	13
2018-11	41	4412
2018-11	47	35
2018-11	50	6765
2018-11	53	6
2018-11	56	60
2018-11	59	3
2018-11	62	57
2018-11	65	1053
2018-11	68	17512
2018-11	71	6
2018-11	74	5746
2018-11	8	4
2018-11	80	416
2018-11	83	199
2018-11	86	3
2018-11	89	104
2018-11	92	48
2018-11	95	173
2018-11	98	2
2018-11	100	15804
2018-11	106	78
2018-11	11	1
2018-11	112	225
2018-11	118	2
2018-11	121	10
2018-11	124	3
2018-11	127	60
2018-11	130	85
2018-11	133	22
2018-11	136	17
2018-11	139	1
2018-11	14	29
2018-11	142	21231
2018-11	145	1354
2018-11	148	5683
2018-11	151	5797
2018-11	157	46
2018-11	160	13
2018-11	163	19009
2018-11	166	3884
2018-11	169	32
2018-11	17	126
2018-11	175	3
2018-11	178	17
2018-11	181	637
2018-11	187	1
2018-11	190	20
2018-11	193	560
2018-11	196	51
2018-11	20	10
2018-11	202	27
2018-11	205	8
2018-11	208	4
2018-11	211	4240
2018-11	217	84
2018-11	220	32
2018-11	223	504
2018-11	226	1522
2018-11	229	12105
2018-11	232	997
2018-11	235	32
2018-11	238	12859
2018-11	241	16
2018-11	244	949
2018-11	247	137
2018-11	250	11
2018-11	253	6
2018-11	256	402
2018-11	259	3
2018-11	26	31
2018-11	262	8334
2018-11	265	284
2018-11	29	11
2018-11	32	15
2018-11	35	8
2018-11	38	6
2018-11	41	3390
2018-11	47	21
2018-11	5	2
2018-11	50	5838
2018-11	53	7
2018-11	56	36
2018-11	62	31
2018-11	65	871
2018-11	68	13539
2018-11	71	3
2018-11	74	4224
2018-11	77	11
2018-11	8	5
2018-11	80	211
2018-11	83	131
2018-11	86	4
2018-11	89	48
2018-11	92	39
2018-11	95	140
2018-11	98	2
2018-11	100	25402
2018-11	106	110
2018-11	11	1
2018-11	112	251
2018-11	118	2
2018-11	121	2
2018-11	124	6
2018-11	127	83
2018-11	130	144
2018-11	133	31
2018-11	136	12
2018-11	139	2
2018-11	14	72
2018-11	142	25416
2018-11	145	1419
2018-11	148	8020
2018-11	151	6541
2018-11	154	3
2018-11	157	54
2018-11	160	25
2018-11	163	24203
2018-11	166	3584
2018-11	169	28
2018-11	17	152
2018-11	175	3
2018-11	178	11
2018-11	181	715
2018-11	184	2
2018-11	190	22
2018-11	193	562
2018-11	196	87
2018-11	20	14
2018-11	202	51
2018-11	205	3
2018-11	208	7
2018-11	211	6152
2018-11	214	2
2018-11	217	99
2018-11	220	18
2018-11	223	459
2018-11	226	2017
2018-11	229	13544
2018-11	232	1059
2018-11	235	41
2018-11	238	13609
2018-11	241	17
2018-11	244	897
2018-11	247	136
2018-11	250	15
2018-11	256	510
2018-11	259	2
2018-11	26	24
2018-11	262	8267
2018-11	265	319
2018-11	29	18
2018-11	32	9
2018-11	35	13
2018-11	38	4
2018-11	41	3594
2018-11	47	27
2018-11	5	1
2018-11	50	7140
2018-11	53	3
2018-11	56	42
2018-11	59	2
2018-11	62	22
2018-11	65	1009
2018-11	68	17621
2018-11	71	6
2018-11	74	4726
2018-11	77	10
2018-11	8	3
2018-11	80	263
2018-11	83	226
2018-11	89	80
2018-11	92	59
2018-11	95	134
2018-11	98	15
2018-11	100	1
2018-11	142	13
2018-11	148	9
2018-11	151	2
2018-11	163	12
2018-11	166	2
2018-11	229	5
2018-11	238	3
2018-11	256	1
2018-11	262	2
2018-11	41	3
2018-11	68	2
2018-11	74	4
2018-11	100	5706
2018-11	106	27
2018-11	11	2
2018-11	112	98
2018-11	115	1
2018-11	121	2
2018-11	124	6
2018-11	127	26
2018-11	130	41
2018-11	133	13
2018-11	136	2
2018-11	14	15
2018-11	142	8480
2018-11	145	449
2018-11	148	2276
2018-11	151	2296
2018-11	157	14
2018-11	160	4
2018-11	163	7119
2018-11	166	1469
2018-11	169	10
2018-11	17	48
2018-11	178	3
2018-11	181	220
2018-11	190	9
2018-11	193	142
2018-11	196	28
2018-11	20	12
2018-11	202	7
2018-11	208	2
2018-11	211	1764
2018-11	217	11
2018-11	220	5
2018-11	223	150
2018-11	226	530
2018-11	229	4442
2018-11	23	2
2018-11	232	341
2018-11	235	26
2018-11	238	4763
2018-11	241	1
2018-11	244	291
2018-11	247	40
2018-11	250	16
2018-11	256	130
2018-11	26	10
2018-11	262	3009
2018-11	265	109
2018-11	29	3
2018-11	32	2
2018-11	35	7
2018-11	41	1294
2018-11	47	6
2018-11	50	2148
2018-11	53	1
2018-11	56	9
2018-11	62	27
2018-11	65	394
2018-11	68	5388
2018-11	71	2
2018-11	74	1456
2018-11	77	6
2018-11	80	59
2018-11	83	26
2018-11	86	1
2018-11	89	17
2018-11	92	8
2018-11	95	31
2018-11	98	3
2018-11	142	1
2018-11	229	1
2018-11	41	1
2018-11	193	33
2018-11	130	1
2018-11	163	1
2018-11	211	1
2018-11	229	1
2018-12	1	17
2018-12	10	217
2018-12	102	6
2018-12	108	1
2018-12	114	7920
2018-12	117	2
2018-12	120	2
2018-12	123	30
2018-12	126	2
2018-12	129	681
2018-12	13	4804
2018-12	132	18366
2018-12	135	22
2018-12	138	12604
2018-12	141	17002
2018-12	144	7411
2018-12	147	7
2018-12	150	5
2018-12	153	5
2018-12	156	1
2018-12	159	48
2018-12	16	8
2018-12	162	23089
2018-12	165	12
2018-12	168	201
2018-12	171	5
2018-12	174	4
2018-12	177	21
2018-12	180	9
2018-12	183	2
2018-12	186	25845
2018-12	189	127
2018-12	19	8
2018-12	192	20
2018-12	195	73
2018-12	198	15
2018-12	207	131
2018-12	210	2
2018-12	213	9
2018-12	216	81
2018-12	219	49
2018-12	22	11
2018-12	222	2
2018-12	225	61
2018-12	228	91
2018-12	231	9823
2018-12	234	16776
2018-12	237	32436
2018-12	240	2
2018-12	243	154
2018-12	246	7029
2018-12	249	11165
2018-12	25	660
2018-12	252	8
2018-12	255	600
2018-12	258	22
2018-12	261	5536
2018-12	264	14679
2018-12	28	84
2018-12	31	1
2018-12	34	22
2018-12	37	136
2018-12	4	1477
2018-12	40	338
2018-12	43	13765
2018-12	49	270
2018-12	52	248
2018-12	55	12
2018-12	61	121
2018-12	64	2
2018-12	67	9
2018-12	7	1808
2018-12	70	92
2018-12	73	1
2018-12	76	35
2018-12	79	16389
2018-12	82	390
2018-12	85	17
2018-12	88	2522
2018-12	91	7
2018-12	94	6
2018-12	97	645
2018-12	1	20
2018-12	10	205
2018-12	102	7
2018-12	105	1
2018-12	108	6
2018-12	111	2
2018-12	114	7147
2018-12	117	2
2018-12	120	3
2018-12	123	3
2018-12	126	13
2018-12	129	706
2018-12	13	4238
2018-12	132	16491
2018-12	135	6
2018-12	138	11744
2018-12	141	16196
2018-12	144	6552
2018-12	147	10
2018-12	150	3
2018-12	153	31
2018-12	156	1
2018-12	159	66
2018-12	16	1
2018-12	162	21983
2018-12	165	21
2018-12	168	188
2018-12	171	16
2018-12	174	15
2018-12	177	23
2018-12	180	14
2018-12	183	1
2018-12	186	24130
2018-12	189	141
2018-12	19	12
2018-12	192	5
2018-12	195	31
2018-12	198	41
2018-12	201	1
2018-12	207	102
2018-12	210	23
2018-12	213	18
2018-12	216	64
2018-12	219	48
2018-12	22	14
2018-12	222	6
2018-12	225	83
2018-12	228	85
2018-12	231	9873
2018-12	234	15431
2018-12	237	31592
2018-12	240	1
2018-12	243	167
2018-12	246	6823
2018-12	249	10615
2018-12	25	875
2018-12	252	1
2018-12	255	675
2018-12	258	18
2018-12	261	4515
2018-12	264	11578
2018-12	28	70
2018-12	31	8
2018-12	34	13
2018-12	37	201
2018-12	4	1607
2018-12	40	426
2018-12	43	12202
2018-12	49	211
2018-12	52	327
2018-12	55	7
2018-12	61	127
2018-12	64	6
2018-12	67	25
2018-12	7	1826
2018-12	70	99
2018-12	73	1
2018-12	76	23
2018-12	79	15543
2018-12	82	338
2018-12	85	31
2018-12	88	2300
2018-12	91	14
2018-12	94	12
2018-12	97	819
2018-12	1	21
2018-12	10	198
2018-12	102	15
2018-12	111	2
2018-12	114	7916
2018-12	120	2
2018-12	123	5
2018-12	126	8
2018-12	129	767
2018-12	13	4433
2018-12	132	18397
2018-12	135	13
2018-12	138	11261
2018-12	141	16120
2018-12	144	7500
2018-12	147	7
2018-12	150	6
2018-12	153	13
2018-12	159	82
2018-12	16	2
2018-12	162	22701
2018-12	165	23
2018-12	168	195
2018-12	171	21
2018-12	174	9
2018-12	177	21
2018-12	180	9
2018-12	183	1
2018-12	186	26408
2018-12	189	174
2018-12	19	10
2018-12	192	5
2018-12	195	17
2018-12	198	30
2018-12	207	86
2018-12	210	7
2018-12	213	16
2018-12	216	57
2018-12	219	78
2018-12	22	17
2018-12	222	3
2018-12	225	71
2018-12	228	63
2018-12	231	9890
2018-12	234	16823
2018-12	237	31617
2018-12	243	110
2018-12	246	8026
2018-12	249	10966
2018-12	25	821
2018-12	252	6
2018-12	255	604
2018-12	258	13
2018-12	261	5670
2018-12	264	11367
2018-12	28	69
2018-12	31	1
2018-12	34	22
2018-12	37	136
2018-12	4	1379
2018-12	40	393
2018-12	43	12750
2018-12	46	1
2018-12	49	249
2018-12	52	371
2018-12	55	21
2018-12	61	170
2018-12	64	6
2018-12	67	16
2018-12	7	1942
2018-12	70	125
2018-12	73	3
2018-12	76	29
2018-12	79	15852
2018-12	82	382
2018-12	85	21
2018-12	88	2230
2018-12	91	20
2018-12	94	10
2018-12	97	752
2018-12	1	21
2018-12	10	344
2018-12	102	4
2018-12	108	7
2018-12	111	3
2018-12	114	11684
2018-12	117	2
2018-12	120	3
2018-12	123	15
2018-12	126	19
2018-12	129	1627
2018-12	13	7928
2018-12	132	34364
2018-12	135	46
2018-12	138	19988
2018-12	141	21136
2018-12	144	12370
2018-12	147	26
2018-12	150	11
2018-12	153	36
2018-12	156	1
2018-12	159	147
2018-12	16	14
2018-12	162	33439
2018-12	165	29
2018-12	168	344
2018-12	171	5
2018-12	174	24
2018-12	177	30
2018-12	180	41
2018-12	183	4
2018-12	186	43667
2018-12	189	211
2018-12	19	19
2018-12	192	27
2018-12	195	108
2018-12	198	20
2018-12	201	5
2018-12	207	83
2018-12	210	33
2018-12	213	24
2018-12	216	105
2018-12	219	94
2018-12	22	31
2018-12	222	11
2018-12	225	117
2018-12	228	88
2018-12	231	12465
2018-12	234	24673
2018-12	237	36787
2018-12	240	1
2018-12	243	323
2018-12	246	9457
2018-12	249	16075
2018-12	25	816
2018-12	252	24
2018-12	255	847
2018-12	258	28
2018-12	261	9591
2018-12	264	17676
2018-12	28	149
2018-12	31	9
2018-12	34	6
2018-12	37	239
2018-12	4	2043
2018-12	40	362
2018-12	43	20309
2018-12	49	284
2018-12	52	380
2018-12	55	12
2018-12	58	4
2018-12	61	223
2018-12	64	1
2018-12	67	43
2018-12	7	3209
2018-12	70	224
2018-12	73	0
2018-12	76	64
2018-12	79	22678
2018-12	82	899
2018-12	85	26
2018-12	88	3969
2018-12	91	33
2018-12	94	36
2018-12	97	912
2018-12	261	2
2018-12	1	24
2018-12	10	74
2018-12	102	2
2018-12	108	6
2018-12	114	5328
2018-12	120	3
2018-12	123	1
2018-12	126	6
2018-12	129	522
2018-12	13	3876
2018-12	132	11197
2018-12	135	12
2018-12	138	6789
2018-12	141	8281
2018-12	144	5585
2018-12	147	9
2018-12	150	1
2018-12	153	15
2018-12	156	1
2018-12	159	73
2018-12	16	5
2018-12	162	12754
2018-12	165	7
2018-12	168	167
2018-12	171	2
2018-12	174	18
2018-12	177	23
2018-12	180	10
2018-12	186	15441
2018-12	189	102
2018-12	19	2
2018-12	192	7
2018-12	195	11
2018-12	198	21
2018-12	207	12
2018-12	210	14
2018-12	213	21
2018-12	216	50
2018-12	219	28
2018-12	22	5
2018-12	222	8
2018-12	225	36
2018-12	228	43
2018-12	231	5455
2018-12	234	9831
2018-12	237	13410
2018-12	240	1
2018-12	243	127
2018-12	246	4057
2018-12	249	6408
2018-12	25	356
2018-12	252	1
2018-12	255	368
2018-12	258	4
2018-12	261	4900
2018-12	264	6699
2018-12	28	30
2018-12	31	1
2018-12	34	12
2018-12	37	80
2018-12	4	859
2018-12	40	169
2018-12	43	8268
2018-12	49	100
2018-12	52	149
2018-12	55	16
2018-12	61	87
2018-12	67	23
2018-12	7	1016
2018-12	70	79
2018-12	76	19
2018-12	79	9397
2018-12	82	269
2018-12	85	17
2018-12	88	1811
2018-12	91	4
2018-12	94	18
2018-12	97	401
2018-12	114	2
2018-12	141	3
2018-12	162	2
2018-12	186	2
2018-12	237	5
2018-12	264	1
2018-12	7	1
2018-12	79	4
2018-12	1	28
2018-12	10	264
2018-12	102	6
2018-12	105	1
2018-12	108	4
2018-12	114	6537
2018-12	123	3
2018-12	126	19
2018-12	129	675
2018-12	13	4206
2018-12	132	20701
2018-12	135	22
2018-12	138	12526
2018-12	141	17580
2018-12	144	5513
2018-12	147	6
2018-12	150	3
2018-12	153	28
2018-12	156	1
2018-12	159	95
2018-12	16	11
2018-12	162	22688
2018-12	165	26
2018-12	168	238
2018-12	171	6
2018-12	174	32
2018-12	177	13
2018-12	180	18
2018-12	183	1
2018-12	186	25769
2018-12	189	147
2018-12	19	10
2018-12	192	19
2018-12	195	49
2018-12	198	7
2018-12	201	5
2018-12	207	159
2018-12	210	24
2018-12	213	17
2018-12	216	90
2018-12	219	73
2018-12	22	11
2018-12	222	2
2018-12	225	60
2018-12	228	73
2018-12	231	9092
2018-12	234	15955
2018-12	237	33033
2018-12	240	2
2018-12	243	150
2018-12	246	6029
2018-12	249	9930
2018-12	25	801
2018-12	255	376
2018-12	258	7
2018-12	261	4349
2018-12	264	12343
2018-12	28	45
2018-12	31	1
2018-12	34	6
2018-12	37	73
2018-12	4	1327
2018-12	40	397
2018-12	43	13004
2018-12	46	0
2018-12	49	196
2018-12	52	442
2018-12	55	7
2018-12	58	4
2018-12	61	133
2018-12	64	2
2018-12	67	5
2018-12	7	1878
2018-12	70	105
2018-12	73	5
2018-12	76	37
2018-12	79	14111
2018-12	82	407
2018-12	85	35
2018-12	88	2382
2018-12	91	21
2018-12	94	9
2018-12	97	770
2019-01	237	1
2019-01	114	2
2019-01	141	5
2019-01	237	1
2019-01	79	1
2019-01	88	1
2019-02	140	1
2019-06	148	1
2019-06	262	1
2003-12	41	1
2008-12	138	3
2008-12	132	1
2008-12	141	1
2008-12	88	6
2008-12	264	1
2008-12	186	1
2008-12	138	1
2009-01	100	1
2009-01	142	1
2009-01	223	1
2009-01	229	1
2009-01	238	1
2009-01	163	1
2009-01	211	2
2009-01	79	1
2009-01	151	1
2009-01	100	1
2009-01	148	2
2009-01	151	1
2009-01	229	1
2009-01	4	6
2018-10	114	3
2018-10	132	9
2018-10	141	1
2018-10	144	8
2018-10	162	1
2018-10	186	7
2018-10	234	4
2018-10	237	7
2018-10	246	1
2018-10	249	5
2018-10	25	2
2018-10	264	1
2018-10	4	2
2018-10	79	15
2018-11	101	1
2018-11	107	13643
2018-11	113	9596
2018-11	116	1313
2018-11	119	31
2018-11	12	396
2018-11	122	6
2018-11	125	3559
2018-11	128	2
2018-11	131	19
2018-11	134	62
2018-11	137	7498
2018-11	140	11311
2018-11	143	7333
2018-11	146	968
2018-11	149	11
2018-11	152	1045
2018-11	155	10
2018-11	158	6411
2018-11	161	28170
2018-11	164	17727
2018-11	167	27
2018-11	170	19137
2018-11	173	34
2018-11	179	558
2018-11	18	29
2018-11	182	23
2018-11	185	2
2018-11	188	103
2018-11	191	6
2018-11	194	14
2018-11	197	41
2018-11	200	14
2018-11	203	14
2018-11	206	4
2018-11	209	1622
2018-11	21	8
2018-11	212	12
2018-11	215	67
2018-11	218	4
2018-11	221	2
2018-11	224	1543
2018-11	227	7
2018-11	230	31597
2018-11	233	8315
2018-11	236	26219
2018-11	239	17215
2018-11	24	2307
2018-11	242	23
2018-11	248	8
2018-11	254	5
2018-11	257	37
2018-11	260	808
2018-11	263	12520
2018-11	3	4
2018-11	33	791
2018-11	36	112
2018-11	39	15
2018-11	42	2171
2018-11	45	1937
2018-11	48	28198
2018-11	51	36
2018-11	54	20
2018-11	57	3
2018-11	6	12
2018-11	60	11
2018-11	63	8
2018-11	66	447
2018-11	69	49
2018-11	72	18
2018-11	75	7382
2018-11	78	12
2018-11	81	10
2018-11	87	3892
2018-11	9	2
2018-11	90	11089
2018-11	93	77
2018-11	107	3
2018-11	113	1
2018-11	125	3
2018-11	140	2
2018-11	158	1
2018-11	161	15
2018-11	164	2
2018-11	170	3
2018-11	179	6
2018-11	224	1
2018-11	230	6
2018-11	233	1
2018-11	236	6
2018-11	24	2
2018-11	263	3
2018-11	45	1
2018-11	48	10
2018-11	75	4
2018-11	87	1
2018-11	90	8
2018-11	101	3
2018-11	107	4982
2018-11	113	3264
2018-11	116	313
2018-11	119	5
2018-11	12	119
2018-11	122	1
2018-11	125	1024
2018-11	128	2
2018-11	131	2
2018-11	134	34
2018-11	137	2673
2018-11	140	4381
2018-11	143	2897
2018-11	146	294
2018-11	149	5
2018-11	15	1
2018-11	152	389
2018-11	155	3
2018-11	158	1943
2018-11	161	9637
2018-11	164	5675
2018-11	167	1
2018-11	170	6573
2018-11	173	4
2018-11	176	2
2018-11	179	119
2018-11	18	8
2018-11	185	2
2018-11	188	20
2018-11	191	4
2018-11	194	8
2018-11	197	30
2018-11	200	2
2018-11	203	3
2018-11	209	563
2018-11	21	2
2018-11	212	1
2018-11	215	22
2018-11	224	483
2018-11	227	2
2018-11	230	9763
2018-11	233	3017
2018-11	236	10252
2018-11	239	6459
2018-11	24	770
2018-11	242	1
2018-11	245	1
2018-11	254	17
2018-11	257	7
2018-11	260	140
2018-11	263	4297
2018-11	3	1
2018-11	33	331
2018-11	36	9
2018-11	39	3
2018-11	42	665
2018-11	45	699
2018-11	48	8496
2018-11	51	1
2018-11	54	9
2018-11	6	2
2018-11	60	1
2018-11	63	2
2018-11	66	134
2018-11	69	18
2018-11	72	1
2018-11	75	2445
2018-11	78	3
2018-11	81	1
2018-11	87	1325
2018-11	9	2
2018-11	90	3405
2018-11	93	32
2018-11	96	1
2018-11	101	4
2018-11	107	13082
2018-11	113	8440
2018-11	116	973
2018-11	119	38
2018-11	12	305
2018-11	122	3
2018-11	125	2651
2018-11	128	4
2018-11	131	5
2018-11	134	84
2018-11	137	7321
2018-11	140	13123
2018-11	143	7685
2018-11	146	837
2018-11	149	1
2018-11	15	3
2018-11	152	962
2018-11	155	15
2018-11	158	4610
2018-11	161	25470
2018-11	164	14163
2018-11	167	32
2018-11	170	17452
2018-11	173	39
2018-11	179	568
2018-11	18	22
2018-11	182	15
2018-11	185	10
2018-11	188	90
2018-11	191	9
2018-11	194	25
2018-11	197	38
2018-11	200	15
2018-11	203	21
2018-11	209	1269
2018-11	21	8
2018-11	212	17
2018-11	215	70
2018-11	218	11
2018-11	224	1265
2018-11	227	12
2018-11	230	26069
2018-11	233	7696
2018-11	236	28822
2018-11	239	17282
2018-11	24	2065
2018-11	242	31
2018-11	248	9
2018-11	254	14
2018-11	257	16
2018-11	260	611
2018-11	263	11948
2018-11	3	13
2018-11	33	688
2018-11	36	41
2018-11	39	11
2018-11	42	1670
2018-11	45	1381
2018-11	48	23168
2018-11	51	15
2018-11	54	22
2018-11	57	6
2018-11	6	6
2018-11	60	14
2018-11	63	4
2018-11	66	248
2018-11	69	48
2018-11	72	13
2018-11	75	6838
2018-11	78	11
2018-11	81	8
2018-11	87	3462
2018-11	9	12
2018-11	90	9539
2018-11	93	86
2018-11	96	3
2018-11	99	1
2018-11	101	1
2018-11	107	13827
2018-11	113	10301
2018-11	116	1125
2018-11	119	52
2018-11	12	610
2018-11	122	2
2018-11	125	2969
2018-11	128	9
2018-11	131	2
2018-11	134	51
2018-11	137	7943
2018-11	140	11623
2018-11	143	8007
2018-11	146	1080
2018-11	149	6
2018-11	15	6
2018-11	152	1008
2018-11	155	6
2018-11	158	6350
2018-11	161	38082
2018-11	164	21624
2018-11	167	31
2018-11	170	21279
2018-11	173	56
2018-11	179	591
2018-11	18	18
2018-11	182	23
2018-11	185	10
2018-11	188	113
2018-11	191	14
2018-11	194	38
2018-11	197	47
2018-11	200	8
2018-11	203	9
2018-11	206	1
2018-11	209	1579
2018-11	21	4
2018-11	212	24
2018-11	215	37
2018-11	218	15
2018-11	224	1423
2018-11	227	9
2018-11	230	41192
2018-11	233	8733
2018-11	236	26686
2018-11	239	19977
2018-11	24	2367
2018-11	242	17
2018-11	245	1
2018-11	248	7
2018-11	251	6
2018-11	254	8
2018-11	257	24
2018-11	260	871
2018-11	263	12871
2018-11	3	4
2018-11	33	627
2018-11	36	62
2018-11	39	10
2018-11	42	1764
2018-11	45	2002
2018-11	48	30930
2018-11	51	6
2018-11	54	12
2018-11	57	5
2018-11	6	13
2018-11	60	19
2018-11	63	5
2018-11	66	374
2018-11	69	61
2018-11	72	11
2018-11	75	7000
2018-11	78	24
2018-11	81	2
2018-11	84	1
2018-11	87	3880
2018-11	90	11323
2018-11	93	111
2018-11	96	1
2018-11	101	1
2018-11	107	15092
2018-11	110	1
2018-11	113	10200
2018-11	116	1362
2018-11	119	51
2018-11	12	485
2018-11	125	2991
2018-11	128	3
2018-11	131	18
2018-11	134	66
2018-11	137	7958
2018-11	140	11577
2018-11	143	8893
2018-11	146	1103
2018-11	149	4
2018-11	15	2
2018-11	152	1261
2018-11	155	4
2018-11	158	6329
2018-11	161	34234
2018-11	164	19271
2018-11	167	47
2018-11	170	20358
2018-11	173	76
2018-11	179	606
2018-11	18	39
2018-11	182	13
2018-11	185	15
2018-11	188	131
2018-11	191	11
2018-11	194	30
2018-11	197	51
2018-11	200	12
2018-11	203	9
2018-11	206	4
2018-11	209	1577
2018-11	21	6
2018-11	212	22
2018-11	215	75
2018-11	218	6
2018-11	221	8
2018-11	224	1863
2018-11	227	21
2018-11	230	36468
2018-11	233	8583
2018-11	236	27564
2018-11	239	21918
2018-11	24	2539
2018-11	242	36
2018-11	248	18
2018-11	251	1
2018-11	254	14
2018-11	257	27
2018-11	260	950
2018-11	263	14410
2018-11	3	4
2018-11	30	3
2018-11	33	792
2018-11	36	94
2018-11	39	14
2018-11	42	2230
2018-11	45	1961
2018-11	48	28603
2018-11	51	18
2018-11	54	29
2018-11	57	10
2018-11	6	5
2018-11	60	23
2018-11	63	2
2018-11	66	356
2018-11	69	86
2018-11	72	20
2018-11	75	7802
2018-11	78	19
2018-11	81	5
2018-11	87	3864
2018-11	9	4
2018-11	90	11380
2018-11	93	120
2018-11	96	1
2018-11	143	1
2018-11	236	1
2018-11	101	5
2018-11	107	13276
2018-11	113	8848
2018-11	116	1037
2018-11	119	31
2018-11	12	387
2018-11	122	1
2018-11	125	2963
2018-11	128	8
2018-11	131	17
2018-11	134	43
2018-11	137	7475
2018-11	140	11928
2018-11	143	7854
2018-11	146	943
2018-11	149	10
2018-11	15	4
2018-11	152	1056
2018-11	155	6
2018-11	158	5631
2018-11	161	25725
2018-11	164	15599
2018-11	167	21
2018-11	170	18123
2018-11	173	50
2018-11	179	495
2018-11	18	20
2018-11	182	15
2018-11	185	4
2018-11	188	113
2018-11	191	10
2018-11	194	22
2018-11	197	47
2018-11	200	1
2018-11	203	12
2018-11	209	1544
2018-11	21	5
2018-11	212	10
2018-11	215	45
2018-11	218	23
2018-11	224	1454
2018-11	227	32
2018-11	230	28199
2018-11	233	8191
2018-11	236	27572
2018-11	239	17601
2018-11	24	2279
2018-11	242	12
2018-11	248	15
2018-11	254	6
2018-11	257	24
2018-11	260	599
2018-11	263	12162
2018-11	3	4
2018-11	33	694
2018-11	36	92
2018-11	39	24
2018-11	42	1824
2018-11	45	1607
2018-11	48	25128
2018-11	51	10
2018-11	54	19
2018-11	6	4
2018-11	60	3
2018-11	63	4
2018-11	66	305
2018-11	69	36
2018-11	72	10
2018-11	75	6501
2018-11	78	4
2018-11	81	4
2018-11	87	3745
2018-11	90	10400
2018-11	93	84
2018-11	96	4
2018-11	107	2
2018-11	233	1
2018-11	33	1
2018-11	146	1
2018-11	48	1
2018-12	100	17878
2018-12	106	94
2018-12	11	3
2018-12	112	249
2018-12	118	7
2018-12	121	15
2018-12	124	8
2018-12	127	100
2018-12	130	80
2018-12	133	49
2018-12	136	23
2018-12	139	7
2018-12	14	34
2018-12	142	22115
2018-12	145	1422
2018-12	148	5528
2018-12	151	6815
2018-12	154	2
2018-12	157	67
2018-12	160	16
2018-12	163	19400
2018-12	166	3992
2018-12	169	17
2018-12	17	135
2018-12	175	5
2018-12	178	12
2018-12	181	720
2018-12	190	19
2018-12	193	733
2018-12	196	117
2018-12	20	13
2018-12	202	45
2018-12	205	9
2018-12	208	14
2018-12	211	4500
2018-12	217	59
2018-12	220	42
2018-12	223	582
2018-12	226	1637
2018-12	229	13152
2018-12	23	4
2018-12	232	998
2018-12	235	39
2018-12	238	13782
2018-12	241	19
2018-12	244	1261
2018-12	247	149
2018-12	250	22
2018-12	253	1
2018-12	256	372
2018-12	259	6
2018-12	26	39
2018-12	262	8927
2018-12	265	239
2018-12	29	14
2018-12	32	7
2018-12	35	15
2018-12	38	8
2018-12	41	3676
2018-12	47	10
2018-12	50	5600
2018-12	53	5
2018-12	56	53
2018-12	59	2
2018-12	62	31
2018-12	65	947
2018-12	68	14216
2018-12	71	7
2018-12	74	4780
2018-12	77	10
2018-12	8	9
2018-12	80	180
2018-12	83	148
2018-12	86	2
2018-12	89	66
2018-12	92	40
2018-12	95	163
2018-12	98	10
2018-12	142	7
2018-12	148	5
2018-12	151	1
2018-12	163	1
2018-12	262	7
2018-12	100	19519
2018-12	106	129
2018-12	11	12
2018-12	112	410
2018-12	115	1
2018-12	118	3
2018-12	121	10
2018-12	124	16
2018-12	127	90
2018-12	130	70
2018-12	133	63
2018-12	136	2
2018-12	139	1
2018-12	14	42
2018-12	142	21877
2018-12	145	1513
2018-12	148	8285
2018-12	151	6386
2018-12	157	37
2018-12	160	11
2018-12	163	20757
2018-12	166	3712
2018-12	169	35
2018-12	17	154
2018-12	175	7
2018-12	178	10
2018-12	181	744
2018-12	184	3
2018-12	190	45
2018-12	193	611
2018-12	196	73
2018-12	20	13
2018-12	202	23
2018-12	205	9
2018-12	208	5
2018-12	211	4931
2018-12	217	76
2018-12	220	11
2018-12	223	563
2018-12	226	1964
2018-12	229	12854
2018-12	23	1
2018-12	232	1053
2018-12	235	22
2018-12	238	12682
2018-12	241	20
2018-12	244	952
2018-12	247	100
2018-12	250	20
2018-12	256	533
2018-12	259	5
2018-12	26	19
2018-12	262	8180
2018-12	265	223
2018-12	29	12
2018-12	32	5
2018-12	35	17
2018-12	38	5
2018-12	41	3512
2018-12	44	2
2018-12	47	5
2018-12	50	5561
2018-12	53	2
2018-12	56	40
2018-12	62	55
2018-12	65	1092
2018-12	68	15578
2018-12	71	1
2018-12	74	4651
2018-12	77	7
2018-12	8	5
2018-12	80	326
2018-12	83	149
2018-12	86	1
2018-12	89	83
2018-12	92	31
2018-12	95	134
2018-12	98	2
2018-12	100	16295
2018-12	106	101
2018-12	11	22
2018-12	112	378
2018-12	118	1
2018-12	121	5
2018-12	124	11
2018-12	127	80
2018-12	130	161
2018-12	133	42
2018-12	136	17
2018-12	139	5
2018-12	14	32
2018-12	142	22189
2018-12	145	1376
2018-12	148	7940
2018-12	151	6351
2018-12	154	5
2018-12	157	44
2018-12	160	21
2018-12	163	19105
2018-12	166	3608
2018-12	169	11
2018-12	17	162
2018-12	175	2
2018-12	178	13
2018-12	181	771
2018-12	190	29
2018-12	193	613
2018-12	196	74
2018-12	2	1
2018-12	20	16
2018-12	202	23
2018-12	205	6
2018-12	208	6
2018-12	211	4619
2018-12	214	2
2018-12	217	96
2018-12	220	31
2018-12	223	466
2018-12	226	1644
2018-12	229	12911
2018-12	23	4
2018-12	232	995
2018-12	235	32
2018-12	238	12884
2018-12	241	21
2018-12	244	1015
2018-12	247	138
2018-12	250	18
2018-12	253	0
2018-12	256	541
2018-12	259	4
2018-12	26	13
2018-12	262	7970
2018-12	265	242
2018-12	29	2
2018-12	32	8
2018-12	35	7
2018-12	38	2
2018-12	41	3509
2018-12	47	13
2018-12	50	6048
2018-12	53	4
2018-12	56	37
2018-12	62	45
2018-12	65	953
2018-12	68	14997
2018-12	71	10
2018-12	74	4397
2018-12	77	8
2018-12	8	5
2018-12	80	327
2018-12	83	177
2018-12	86	2
2018-12	89	73
2018-12	92	35
2018-12	95	120
2018-12	98	4
2018-12	100	29813
2018-12	106	76
2018-12	11	3
2018-12	112	358
2018-12	115	1
2018-12	118	0
2018-12	121	8
2018-12	124	10
2018-12	127	166
2018-12	130	193
2018-12	133	64
2018-12	136	52
2018-12	139	5
2018-12	14	99
2018-12	142	31980
2018-12	145	1756
2018-12	148	11471
2018-12	151	8793
2018-12	154	5
2018-12	157	68
2018-12	160	21
2018-12	163	32729
2018-12	166	4746
2018-12	169	61
2018-12	17	251
2018-12	178	6
2018-12	181	825
2018-12	184	1
2018-12	187	1
2018-12	190	35
2018-12	193	857
2018-12	196	160
2018-12	20	18
2018-12	202	96
2018-12	205	6
2018-12	208	18
2018-12	211	8942
2018-12	214	2
2018-12	217	82
2018-12	220	39
2018-12	223	809
2018-12	226	2843
2018-12	229	17259
2018-12	23	8
2018-12	232	1456
2018-12	235	71
2018-12	238	17339
2018-12	241	21
2018-12	244	1549
2018-12	247	256
2018-12	250	43
2018-12	253	4
2018-12	256	743
2018-12	259	10
2018-12	26	22
2018-12	262	9866
2018-12	265	339
2018-12	29	31
2018-12	32	19
2018-12	35	21
2018-12	38	19
2018-12	41	5494
2018-12	47	35
2018-12	50	9061
2018-12	53	12
2018-12	56	86
2018-12	62	43
2018-12	65	1276
2018-12	68	23519
2018-12	71	19
2018-12	74	7559
2018-12	77	19
2018-12	8	15
2018-12	80	414
2018-12	83	343
2018-12	86	4
2018-12	89	115
2018-12	92	49
2018-12	95	187
2018-12	98	12
2018-12	100	9312
2018-12	106	32
2018-12	11	7
2018-12	112	131
2018-12	115	1
2018-12	118	2
2018-12	121	5
2018-12	124	3
2018-12	127	105
2018-12	130	35
2018-12	133	13
2018-12	136	15
2018-12	139	1
2018-12	14	18
2018-12	142	12881
2018-12	145	468
2018-12	148	5060
2018-12	151	3430
2018-12	157	17
2018-12	160	21
2018-12	163	10999
2018-12	166	1759
2018-12	169	27
2018-12	17	101
2018-12	175	2
2018-12	178	4
2018-12	181	277
2018-12	184	1
2018-12	190	17
2018-12	193	319
2018-12	196	52
2018-12	2	5
2018-12	20	3
2018-12	202	31
2018-12	205	3
2018-12	208	3
2018-12	211	3969
2018-12	217	36
2018-12	220	27
2018-12	223	228
2018-12	226	878
2018-12	229	6287
2018-12	232	710
2018-12	235	38
2018-12	238	6564
2018-12	241	10
2018-12	244	528
2018-12	247	84
2018-12	250	11
2018-12	256	281
2018-12	259	6
2018-12	26	8
2018-12	262	3567
2018-12	265	110
2018-12	29	18
2018-12	32	2
2018-12	35	12
2018-12	38	2
2018-12	41	2447
2018-12	47	19
2018-12	50	3771
2018-12	53	3
2018-12	56	20
2018-12	59	1
2018-12	62	27
2018-12	65	720
2018-12	68	10231
2018-12	71	6
2018-12	74	2864
2018-12	77	8
2018-12	8	5
2018-12	80	140
2018-12	83	78
2018-12	86	2
2018-12	89	37
2018-12	92	28
2018-12	95	39
2018-12	100	18315
2018-12	106	92
2018-12	11	3
2018-12	112	309
2018-12	115	1
2018-12	118	5
2018-12	121	9
2018-12	124	5
2018-12	127	73
2018-12	130	116
2018-12	133	37
2018-12	136	21
2018-12	139	1
2018-12	14	44
2018-12	142	22934
2018-12	145	1604
2018-12	148	7964
2018-12	151	6810
2018-12	154	11
2018-12	157	43
2018-12	160	31
2018-12	163	21337
2018-12	166	3858
2018-12	169	18
2018-12	17	127
2018-12	175	7
2018-12	178	15
2018-12	181	650
2018-12	184	3
2018-12	190	25
2018-12	193	609
2018-12	196	92
2018-12	20	4
2018-12	202	43
2018-12	205	4
2018-12	208	2
2018-12	211	5320
2018-12	217	56
2018-12	220	22
2018-12	223	607
2018-12	226	1739
2018-12	229	13388
2018-12	23	5
2018-12	232	1125
2018-12	235	11
2018-12	238	13756
2018-12	241	17
2018-12	244	955
2018-12	247	128
2018-12	250	23
2018-12	253	4
2018-12	256	533
2018-12	259	1
2018-12	26	25
2018-12	262	8045
2018-12	265	283
2018-12	29	7
2018-12	32	3
2018-12	35	7
2018-12	38	2
2018-12	41	3631
2018-12	47	11
2018-12	5	1
2018-12	50	6583
2018-12	53	2
2018-12	56	35
2018-12	62	27
2018-12	65	966
2018-12	68	15674
2018-12	71	6
2018-12	74	4377
2018-12	77	6
2018-12	8	11
2018-12	80	294
2018-12	83	143
2018-12	89	91
2018-12	92	25
2018-12	95	127
2018-12	98	3
2019-01	262	1
2019-01	229	2
2019-01	262	2
2019-02	70	5
2019-06	125	1
2019-06	236	1
2019-11	264	6
2020-12	50	1
